{
    "Entities": [
        {
            "clientOnly": 0,
            "created": "2016-09-21T20:59:40Z",
            "dimensions": {
                "x": 0.73637241125106812,
                "y": 0.38010784983634949,
                "z": 0.73637229204177856
            },
            "id": "{95fa153e-4c54-4def-af41-993a639674a4}",
            "modelURL": "atp:/jimi/tutorialroom/table3.fbx",
            "owningAvatarID": "{00000000-0000-0000-0000-000000000000}",
            "queryAACube": {
                "scale": 1.1085894107818604,
                "x": -0.55429470539093018,
                "y": -0.55429470539093018,
                "z": -0.55429470539093018
            },
            "rotation": {
                "w": 1,
                "x": -1.52587890625e-05,
                "y": -1.52587890625e-05,
                "z": -1.52587890625e-05
            },
            "shapeType": "static-mesh",
            "type": "Model"
        }
    ],
    "Version": 64
}
